Model Name, AS7265x
Time, 2019-02-04_21:35:58
DUT, x220_ips
Temperature, 32764
X, 61.077120
Y, 99.797032
Z, 26.649967
x, 0.325703
y, 0.532182
410nm,0.928465
435nm,1.947752
460nm,6.160863
485nm,14.513382
510nm,17.400188
535nm,39.134647
560nm,30.199530
585nm,21.241676
610nm,9.679202
645nm,0.759545
680nm,0.974355
705nm,0.351299
730nm,0.910083
760nm,0.862911
810nm,0.895880
860nm,1.113651
900nm,0.606342
940nm,0.000000
