Model Name, AS72625x
Serial Number, 
Time, 2019-02-03_14:53:53
DUT, x220 IPS
Temperature, 32764
X, 122.115198
Y, 122.999918
Z, 162.080265
x, 0.299893
y, 0.302066
410nm,1.856929
435nm,14.608143
460nm,66.889374
485nm,34.832115
510nm,22.936613
535nm,37.000031
560nm,24.057253
585nm,22.627003
610nm,47.186111
645nm,8.354991
680nm,8.769198
705nm,2.107791
730nm,2.730250
760nm,1.725822
810nm,2.687640
860nm,1.113651
900nm,0.606342
940nm,0.905118
