Model Name, AS72625x
Serial Number, 
Time, 2019-02-03_14:53:38
DUT, x220 IPS
Temperature, 32764
X, 33.057335
Y, 27.041768
Z, 136.538691
x, 0.168113
y, 0.137521
410nm,0.000000
435nm,11.686514
460nm,60.728508
485nm,23.221411
510nm,10.281930
535nm,8.538468
560nm,2.559282
585nm,1.385327
610nm,4.839601
645nm,1.139317
680nm,0.974355
705nm,0.351299
730nm,0.000000
760nm,0.000000
810nm,0.895880
860nm,0.000000
900nm,0.000000
940nm,0.000000
