Model Name, AS7265x
Time, 2019-02-04_21:36:12
DUT, x220_ips
Temperature, 32764
X, 44.522135
Y, 35.985003
Z, 188.202523
x, 0.165689
y, 0.133918
410nm,0.928465
435nm,15.582019
460nm,84.491837
485nm,30.961882
510nm,14.236519
535nm,11.384624
560nm,3.071139
585nm,1.847102
610nm,6.049501
645nm,1.519089
680nm,0.974355
705nm,0.351299
730nm,0.000000
760nm,0.000000
810nm,0.895880
860nm,1.113651
900nm,0.000000
940nm,0.000000
