Model Name, AS72625x
Serial Number, 
Time, 2019-02-03_14:53:09
DUT, x220 IPS
Temperature, 32764
X, 52.681899
Y, 29.431802
Z, 5.477940
x, 0.601449
y, 0.336012
410nm,0.928465
435nm,0.973876
460nm,1.760247
485nm,0.967559
510nm,0.790918
535nm,0.711539
560nm,0.511856
585nm,6.926633
610nm,41.136608
645nm,7.975219
680nm,7.794843
705nm,1.756493
730nm,1.820167
760nm,1.725822
810nm,1.791760
860nm,1.113651
900nm,0.000000
940nm,0.000000
