Model Name, AS7265x
Time, 2019-02-04_21:35:44
DUT, x220_ips
Temperature, 32764
X, 72.975809
Y, 40.145235
Z, 8.536240
x, 0.599847
y, 0.329986
410nm,0.928465
435nm,1.947752
460nm,2.640370
485nm,0.967559
510nm,0.790918
535nm,0.711539
560nm,0.511856
585nm,9.697287
610nm,56.865311
645nm,11.013398
680nm,10.717909
705nm,2.107791
730nm,2.730250
760nm,1.725822
810nm,2.687640
860nm,1.113651
900nm,0.606342
940nm,0.000000
