Model Name, AS7265x
Time, 2019-02-04_21:36:21
DUT, x220_ips
Temperature, 32764
X, 167.138050
Y, 168.856356
Z, 215.113633
x, 0.303276
y, 0.306394
410nm,1.856929
435nm,18.503647
460nm,89.772575
485nm,45.475266
510nm,32.427624
535nm,50.519272
560nm,32.758812
585nm,31.400740
610nm,65.334618
645nm,11.772943
680nm,11.692265
705nm,2.810389
730nm,3.640333
760nm,2.588733
810nm,3.583520
860nm,2.227302
900nm,0.606342
940nm,0.905118
