Model Name,AS7265x
Time,2019-02-12_22:46:55
DUT,x220_ips
Temperature, 32765
Gain,1.000000
Integration Time,700.000000
X, 25.380836
Y, 42.697115
Z, 11.984777
x, 0.317012
y, 0.533296
410nm,0.000000
435nm,0.973876
460nm,2.640370
485nm,6.772912
510nm,7.909177
535nm,17.076937
560nm,12.796411
585nm,8.773736
610nm,3.629701
645nm,0.379772
680nm,0.000000
705nm,0.351299
730nm,0.000000
760nm,0.000000
810nm,0.895880
860nm,0.000000
900nm,0.000000
940nm,0.000000
