Model Name, AS72625x
Serial Number, 
Time, 2019-02-03_14:53:22
DUT, x220 IPS
Temperature, 32764
X, 44.259845
Y, 72.548773
Z, 18.636456
x, 0.326773
y, 0.535632
410nm,0.928465
435nm,0.973876
460nm,4.400617
485nm,10.643147
510nm,12.654683
535nm,28.461561
560nm,22.009827
585nm,15.238594
610nm,7.259402
645nm,0.379772
680nm,0.974355
705nm,0.351299
730nm,0.000000
760nm,0.000000
810nm,0.895880
860nm,0.000000
900nm,0.000000
940nm,0.000000
