Model Name,AS7265x
Time,2019-02-12_22:36:50
DUT,x220_ips
Temperature, 32766
Gain,1.000000
Integration Time,700.000000
X, 31.314433
Y, 18.071448
Z, 3.807314
x, 0.588692
y, 0.339732
410nm,0.000000
435nm,0.973876
460nm,0.880123
485nm,0.967559
510nm,0.790918
535nm,0.711539
560nm,0.511856
585nm,4.155980
610nm,24.198006
645nm,4.557268
680nm,4.871777
705nm,1.053896
730nm,0.910083
760nm,0.862911
810nm,0.895880
860nm,1.113651
900nm,0.000000
940nm,0.000000
