Model Name, AS7265x
Time, 2019-02-11_19:36:49
DUT, Hannstar
Temperature, 32767
X, 165.548616
Y, 88.192595
Z, 12.695432
x, 0.621343
y, 0.331008
410nm,1.856929
435nm,2.921628
460nm,3.520493
485nm,1.935118
510nm,2.372753
535nm,2.134617
560nm,1.535569
585nm,6.926633
610nm,150.027634
645nm,11.393170
680nm,12.666619
705nm,5.972076
730nm,4.550417
760nm,5.177465
810nm,20.605242
860nm,11.136511
900nm,0.606342
940nm,1.810236
