Model Name, AS7265x
Time, 2019-02-11_19:36:55
DUT, Hannstar
Temperature, 32767
X, 97.903356
Y, 184.132313
Z, 34.556008
x, 0.309242
y, 0.581608
410nm,1.856929
435nm,1.947752
460nm,3.520493
485nm,29.994324
510nm,24.518448
535nm,83.250069
560nm,66.541336
585nm,18.932798
610nm,16.938604
645nm,0.759545
680nm,0.974355
705nm,1.405194
730nm,0.910083
760nm,1.725822
810nm,17.917601
860nm,8.909208
900nm,1.212683
940nm,1.810236
