Model Name, AS7265x
Time, 2019-02-11_19:28:44
DUT, monoprice_32
Temperature, 32764
X, 150.556229
Y, 79.027598
Z, 14.267481
x, 0.617410
y, 0.324081
410nm,1.856929
435nm,3.895505
460nm,3.520493
485nm,1.935118
510nm,2.372753
535nm,2.134617
560nm,1.535569
585nm,6.003082
610nm,125.829628
645nm,34.559284
680nm,43.845989
705nm,9.133763
730nm,10.921000
760nm,6.903287
810nm,6.271160
860nm,4.454604
900nm,1.212683
940nm,0.905118
