Model Name, AS7265x
Time, 2019-02-11_19:28:55
DUT, monoprice_32
Temperature, 32764
X, 84.961904
Y, 31.452002
Z, 440.036059
x, 0.152686
y, 0.056523
410nm,3.713858
435nm,108.100258
460nm,147.860718
485nm,23.221411
510nm,15.818354
535nm,6.403852
560nm,1.535569
585nm,0.923551
610nm,1.209900
645nm,0.759545
680nm,0.974355
705nm,0.351299
730nm,0.000000
760nm,0.000000
810nm,1.791760
860nm,1.113651
900nm,0.000000
940nm,0.000000
